[
  {
    "id": "pmjay",
    "name": "Ayushman Bharat - Pradhan Mantri Jan Arogya Yojana (PM-JAY)",
    "description": "Health insurance cover up to ₹5 lakh per family per year for secondary and tertiary care hospitalization.",
    "category": "Health",
    "state": "All India",
    "ministry": "Ministry of Health and Family Welfare",
    "benefits": "Cashless hospitalization; coverage for pre and post hospitalisation.",
    "eligibility": "SECC-2011 identified families; check eligibility via PM-JAY portal.",
    "documents": "Aadhaar, ration card (as applicable).",
    "mode": "Online / Empanelled Hospitals",
    "link": "https://pmjay.gov.in/"
  },
  {
    "id": "pmkvy",
    "name": "Pradhan Mantri Kaushal Vikas Yojana (PMKVY)",
    "description": "Flagship skill development scheme encouraging skill training to youth.",
    "category": "Skill Development",
    "state": "All India",
    "ministry": "Ministry of Skill Development & Entrepreneurship",
    "benefits": "Free short-term training; certification; placement assistance.",
    "eligibility": "Indian citizens, typically 18–35 years; as per guidelines.",
    "documents": "Aadhaar, educational certificates.",
    "mode": "Training Centres",
    "link": "https://www.pmkvyofficial.org/"
  },
  {
    "id": "nsp",
    "name": "National Scholarship Portal (NSP)",
    "description": "Single stop for scholarships offered by the Government of India and states.",
    "category": "Education",
    "state": "All India",
    "ministry": "Ministry of Electronics & IT / various",
    "benefits": "Scholarship benefits to eligible students across categories.",
    "eligibility": "As per individual scholarship; typically income and academic criteria.",
    "documents": "Aadhaar, bank details, income certificate, caste certificate (if applicable).",
    "mode": "Online",
    "link": "https://scholarships.gov.in/"
  },
  {
    "id": "pmay-urban",
    "name": "Pradhan Mantri Awas Yojana - Urban (PMAY-U)",
    "description": "Affordable housing for urban poor with subsidy under Credit Linked Subsidy Scheme.",
    "category": "Housing",
    "state": "All India",
    "ministry": "Ministry of Housing and Urban Affairs",
    "benefits": "Interest subsidy on home loan; support for affordable housing.",
    "eligibility": "EWS/LIG/MIG categories; income-based eligibility.",
    "documents": "Aadhaar, income proof, loan documents.",
    "mode": "Online / Banks",
    "link": "https://pmay-urban.gov.in/"
  },
  {
    "id": "ladli-laxmi-mp",
    "name": "Ladli Laxmi Yojana (Madhya Pradesh)",
    "description": "Financial assistance for the girl child for education and marriage.",
    "category": "Women & Child",
    "state": "Madhya Pradesh",
    "ministry": "Women and Child Development Department, MP",
    "benefits": "Installment-based financial support; scholarship components.",
    "eligibility": "Girl child born after a specified date; domicile of MP.",
    "documents": "Birth certificate, domicile, Aadhaar.",
    "mode": "Online / District Offices",
    "link": "https://ladlilaxmi.mp.gov.in/"
  },
  {
    "id": "kalia-od",
    "name": "KALIA Scheme (Odisha)",
    "description": "Assistance to small/marginal farmers and landless agricultural laborers.",
    "category": "Agriculture",
    "state": "Odisha",
    "ministry": "Department of Agriculture & Farmers' Empowerment, Odisha",
    "benefits": "Financial assistance for cultivation and livelihood support.",
    "eligibility": "Small/marginal farmers; landless agricultural households.",
    "documents": "Aadhaar, land records (as applicable).",
    "mode": "Online / Gram Panchayat",
    "link": "https://kalia.odisha.gov.in/"
  },
  {
    "id": "pmmvy",
    "name": "Pradhan Mantri Matru Vandana Yojana (PMMVY)",
    "description": "Maternity benefit scheme providing conditional cash transfers to pregnant and lactating women.",
    "category": "Women & Child",
    "state": "All India",
    "ministry": "Ministry of Women & Child Development",
    "benefits": "Cash incentive for wage loss compensation and nutrition.",
    "eligibility": "Pregnant and lactating women for first child; subject to guidelines.",
    "documents": "Aadhaar, bank details, MCP card.",
    "mode": "Online / Anganwadi / Health Centres",
    "link": "https://wcd.nic.in/"
  },
  {
    "id": "startupindia",
    "name": "Startup India Seed Fund Scheme",
    "description": "Support startups with proof of concept, prototype, product trials, market entry.",
    "category": "Entrepreneurship",
    "state": "All India",
    "ministry": "DPIIT, Ministry of Commerce & Industry",
    "benefits": "Seed funding via incubators.",
    "eligibility": "Eligible DPIIT-recognized startups.",
    "documents": "DPIIT recognition, pitch, financials.",
    "mode": "Incubators",
    "link": "https://www.startupindia.gov.in/"
  }
]